{"organizationId":"8601b6d8-2129-4d5c-bf55-1b94ede2b44d","groupId":"8601b6d8-2129-4d5c-bf55-1b94ede2b44d","assetId":"american-flights-api","version":"1.0.4","classifier":"raml","main":"american-flights-api1.raml","name":"American Flights API","dependencies":[{"groupId":"68ef9520-24e9-4cf2-b2f5-620025690913","assetId":"training-american-flight-data-type","version":"1.0.1"},{"groupId":"68ef9520-24e9-4cf2-b2f5-620025690913","assetId":"training-american-flights-example","version":"1.0.1"}],"tags":[],"metadata":{"projectId":"636d5d5f-6947-4af3-9976-bc8d011e55a0","branchId":"master","commitId":"1cd63e1320fc6609f92452998652cbc58c8d2f19"},"originalFormatVersion":"1.0","apiVersion":"v1"}